pass,equality
91.818182,8.181818
50,50
97.777778,2.222222
75,25
100,0
50,50
68.103448,31.896552
75,25
100,0
50,50
100,0
46,54
100,0
30,70
80,20
56.140351,43.859649
50,50
100,0
41.666667,58.333333
75,25
75,25
100,0
50,50
75,25
100,0
91.666667,8.333333
75,25
75,25
75,25
81.111111,18.888889
70.093458,29.906542
100,0